Trade Date,Symbol,Expiry Bucket,Expiry,Futures Close,ATM Strike,CE Close,PE Close,Straddle,Straddle %
2026-10-05,360ONE,CURRENT,2026-10-27,1052.0,1060.0,28.6,37.45,66.05000000000001,6.2785171102661606
2026-10-05,360ONE,FAR,2026-12-29,1056.0,1040.0,80.2,75.75,155.95,14.767992424242424
2026-10-05,360ONE,NEAR,2026-11-23,1049.5,1040.0,208.5,25.0,233.5,22.248689852310623
2026-10-05,ABB,CURRENT,2026-10-27,6905.0,6900.0,210.75,201.7,412.45,5.973207820419986
2026-10-05,ABB,FAR,2026-12-29,6935.0,7000.0,392.9,629.85,1022.75,14.74765681326604
2026-10-05,ABB,NEAR,2026-11-23,6927.0,6900.0,306.6,484.8,791.4000000000001,11.424859246427026
2026-10-05,ABCAPITAL,CURRENT,2026-10-27,377.65,380.0,9.45,11.65,21.1,5.587183900436913
2026-10-05,ABCAPITAL,FAR,2026-12-29,380.0,380.0,31.75,28.2,59.95,15.776315789473685
2026-10-05,ABCAPITAL,NEAR,2026-11-23,379.9,380.0,15.75,17.0,32.75,8.620689655172415
2026-10-05,ADANIENSOL,CURRENT,2026-10-27,1357.6,1360.0,47.5,50.05,97.55,7.18547436652917
2026-10-05,ADANIENSOL,FAR,2026-12-29,1368.0,1360.0,118.2,152.45,270.65,19.784356725146196
2026-10-05,ADANIENSOL,NEAR,2026-11-23,1363.4,1360.0,69.6,52.75,122.35,8.97388880739328
2026-10-05,ADANIENT,CURRENT,2026-10-27,2880.3,2900.0,74.15,94.25,168.4,5.846613200013887
2026-10-05,ADANIENT,FAR,2026-12-29,2900.0,2900.0,329.2,213.8,543.0,18.72413793103448
2026-10-05,ADANIENT,NEAR,2026-11-23,2893.0,2900.0,120.55,114.6,235.14999999999998,8.128240580712061
2026-10-05,ADANIGREEN,CURRENT,2026-10-27,1289.8,1280.0,48.65,38.4,87.05,6.749108388897504
2026-10-05,ADANIGREEN,FAR,2026-12-29,1302.0,1320.0,115.85,156.5,272.35,20.917818740399387
2026-10-05,ADANIGREEN,NEAR,2026-11-23,1294.2,1300.0,91.1,119.55,210.64999999999998,16.276464225003863
2026-10-05,ADANIPORTS,CURRENT,2026-10-27,1773.0,1780.0,36.3,42.65,78.94999999999999,4.452904681331077
2026-10-05,ADANIPORTS,FAR,2026-12-29,1794.0,1800.0,160.35,112.0,272.35,15.181159420289855
2026-10-05,ADANIPORTS,NEAR,2026-11-23,1784.1,1780.0,64.6,66.95,131.55,7.3734656129140745
2026-10-05,ADANIPOWER,CURRENT,2026-10-27,202.05,202.5,6.5,6.9,13.4,6.632021776787924
2026-10-05,ADANIPOWER,FAR,2026-12-29,204.1,205.0,16.15,21.85,38.0,18.618324350808425
2026-10-05,ADANIPOWER,NEAR,2026-11-23,203.07,202.5,12.53,16.93,29.46,14.507312749298274
2026-10-05,ALKEM,CURRENT,2026-10-27,5196.5,5200.0,117.55,121.6,239.14999999999998,4.602136053112671
2026-10-05,ALKEM,FAR,2026-12-29,5240.5,5200.0,346.8,220.6,567.4,10.82721114397481
2026-10-05,ALKEM,NEAR,2026-11-23,5210.0,5200.0,421.7,176.45,598.15,11.480806142034549
2026-10-05,AMBER,CURRENT,2026-10-27,6583.5,6600.0,194.5,218.2,412.7,6.268702058175742
2026-10-05,AMBER,FAR,2026-12-29,6604.5,6600.0,712.45,609.25,1321.7,20.012112953289424
2026-10-05,AMBER,NEAR,2026-11-23,6582.0,6600.0,1277.85,347.8,1625.6499999999999,24.698419933151015
2026-10-05,AMBUJACEM,CURRENT,2026-10-27,366.0,365.0,10.55,9.0,19.55,5.341530054644808
2026-10-05,AMBUJACEM,FAR,2026-12-29,370.65,370.0,25.15,24.0,49.15,13.260488331309862
2026-10-05,AMBUJACEM,NEAR,2026-11-23,367.65,370.0,57.7,9.1,66.8,18.169454644362844
2026-10-05,ANANDRATHI,CURRENT,2026-10-27,2135.9,2140.0,78.25,91.6,169.85,7.952151317945597
2026-10-05,ANANDRATHI,FAR,2026-12-29,2151.1,2160.0,111.5,139.3,250.8,11.65915113197899
2026-10-05,ANANDRATHI,NEAR,2026-11-23,2145.0,2140.0,87.15,107.5,194.65,9.074592074592076
2026-10-05,ANGELONE,CURRENT,2026-10-27,286.35,285.0,13.0,11.7,24.7,8.625807578138641
2026-10-05,ANGELONE,FAR,2026-12-29,287.3,290.0,22.4,34.65,57.05,19.857292029237726
2026-10-05,ANGELONE,NEAR,2026-11-23,286.7,285.0,17.55,26.55,44.1,15.3819323334496
2026-10-05,APLAPOLLO,CURRENT,2026-10-27,2108.1,2100.0,65.1,59.4,124.5,5.905791945353636
2026-10-05,APLAPOLLO,FAR,2026-12-29,2100.0,2080.0,226.85,87.8,314.65,14.983333333333333
2026-10-05,APLAPOLLO,NEAR,2026-11-23,2122.6,2120.0,169.7,118.9,288.6,13.596532554414399
2026-10-05,APOLLOHOSP,CURRENT,2026-10-27,8029.0,8000.0,200.4,164.75,365.15,4.547888902727612
2026-10-05,APOLLOHOSP,FAR,2026-12-29,8110.0,8200.0,751.6,172.5,924.1,11.394574599260173
2026-10-05,APOLLOHOSP,NEAR,2026-11-23,8062.5,8100.0,720.7,89.75,810.45,10.052093023255814
2026-10-05,ASHOKLEY,CURRENT,2026-10-27,153.1,152.5,4.91,4.18,9.09,5.937295885042456
2026-10-05,ASHOKLEY,FAR,2026-12-29,154.24,155.0,13.15,12.44,25.59,16.591026970954356
2026-10-05,ASHOKLEY,NEAR,2026-11-23,153.11,152.5,11.09,8.8,19.89,12.990660309581346
2026-10-05,ASIANPAINT,CURRENT,2026-10-27,2364.2,2360.0,54.9,51.25,106.15,4.489890872176636
2026-10-05,ASIANPAINT,FAR,2026-12-29,2381.0,2400.0,154.35,104.2,258.55,10.858882822343553
2026-10-05,ASIANPAINT,NEAR,2026-11-23,2372.8,2380.0,129.75,73.65,203.4,8.57215104517869
2026-10-05,ASTRAL,CURRENT,2026-10-27,1360.8,1360.0,35.25,32.65,67.9,4.98971193415638
2026-10-05,ASTRAL,FAR,2026-12-29,1371.0,1360.0,116.1,81.15,197.25,14.387308533916848
2026-10-05,ASTRAL,NEAR,2026-11-23,1368.1,1360.0,235.0,34.8,269.8,19.720780644689718
2026-10-05,ATHERENERG,CURRENT,2026-10-27,1398.1,1400.0,50.4,52.75,103.15,7.377869966382949
2026-10-05,ATHERENERG,FAR,2026-12-29,1383.0,1400.0,160.95,133.45,294.4,21.28705712219812
2026-10-05,ATHERENERG,NEAR,2026-11-23,1387.8,1380.0,134.5,95.2,229.7,16.55137627900274
2026-10-05,AUBANK,CURRENT,2026-10-27,1034.7,1030.0,32.05,27.55,59.599999999999994,5.760123707354788
2026-10-05,AUBANK,FAR,2026-12-29,1045.3,1040.0,62.35,81.9,144.25,13.799866067157755
2026-10-05,AUBANK,NEAR,2026-11-23,1037.8,1040.0,139.25,35.2,174.45,16.809597224898823
2026-10-05,AUROPHARMA,CURRENT,2026-10-27,1681.6,1680.0,44.9,42.45,87.35,5.194457659372027
2026-10-05,AUROPHARMA,FAR,2026-12-29,1694.0,1680.0,130.5,88.2,218.7,12.910271546635183
2026-10-05,AUROPHARMA,NEAR,2026-11-23,1689.6,1680.0,88.35,125.6,213.95,12.662760416666666
2026-10-05,AXISBANK,CURRENT,2026-10-27,1228.7,1230.0,29.8,30.9,60.7,4.9401806787661755
2026-10-05,AXISBANK,FAR,2026-12-29,1242.6,1240.0,65.7,75.45,141.15,11.359246740704974
2026-10-05,AXISBANK,NEAR,2026-11-23,1233.7,1230.0,39.0,58.3,97.3,7.886844451649509
2026-10-05,BAJAJ-AUTO,CURRENT,2026-10-27,10047.0,10000.0,243.65,199.1,442.75,4.4067880959490395
2026-10-05,BAJAJ-AUTO,FAR,2026-12-29,10107.0,10200.0,1055.3,294.85,1350.15,13.35856337192045
2026-10-05,BAJAJ-AUTO,NEAR,2026-11-23,10101.0,10100.0,972.05,171.35,1143.3999999999999,11.319671319671318
2026-10-05,BAJAJFINSV,CURRENT,2026-10-27,1751.3,1760.0,38.25,47.0,85.25,4.867812482156113
2026-10-05,BAJAJFINSV,FAR,2026-12-29,1771.7,1760.0,106.65,98.45,205.10000000000002,11.576451995258791
2026-10-05,BAJAJFINSV,NEAR,2026-11-23,1760.6,1760.0,293.95,23.8,317.75,18.047824605248213
2026-10-05,BAJAJHLDNG,CURRENT,2026-10-27,10777.0,10800.0,275.0,289.05,564.05,5.233831307413936
2026-10-05,BAJFINANCE,CURRENT,2026-10-27,972.9,970.0,28.05,25.4,53.45,5.493884263541989
2026-10-05,BAJFINANCE,FAR,2026-12-29,983.65,980.0,73.15,65.0,138.15,14.044629695521781
2026-10-05,BAJFINANCE,NEAR,2026-11-23,977.95,980.0,40.0,38.4,78.4,8.016769773505803
2026-10-05,BANDHANBNK,CURRENT,2026-10-27,169.83,170.0,7.5,7.7,15.2,8.950126597185418
2026-10-05,BANDHANBNK,FAR,2026-12-29,172.25,170.0,27.8,10.0,37.8,21.94484760522496
2026-10-05,BANDHANBNK,NEAR,2026-11-23,170.19,170.0,20.25,5.52,25.77,15.14190022915565
2026-10-05,BANKBARODA,CURRENT,2026-10-27,233.96,235.0,5.47,6.58,12.05,5.150453068900667
2026-10-05,BANKBARODA,FAR,2026-12-29,236.66,235.0,13.51,17.39,30.9,13.05670582269923
2026-10-05,BANKBARODA,NEAR,2026-11-23,235.13,235.0,9.56,14.79,24.35,10.355973291370733
2026-10-05,BANKINDIA,CURRENT,2026-10-27,133.62,132.5,4.88,3.67,8.55,6.398742703188145
2026-10-05,BANKINDIA,FAR,2026-12-29,134.67,135.0,8.81,11.72,20.53,15.24467216158016
2026-10-05,BANKINDIA,NEAR,2026-11-23,134.3,135.0,5.77,6.3,12.07,8.987341772151899
2026-10-05,BANKNIFTY,CURRENT,2026-10-27,54923.0,54900.0,858.4,854.1,1712.5,3.1180015658285236
2026-10-05,BANKNIFTY,FAR,2026-12-29,55558.2,55600.0,1473.35,1492.65,2966.0,5.338545885215864
2026-10-05,BANKNIFTY,NEAR,2026-11-23,55228.0,55200.0,1184.3,1161.9,2346.2,4.248207431013254
2026-10-05,BDL,CURRENT,2026-10-27,1095.3,1100.0,34.8,39.3,74.1,6.765269789098877
2026-10-05,BDL,FAR,2026-12-29,1080.0,1080.0,111.4,90.45,201.85000000000002,18.689814814814817
2026-10-05,BDL,NEAR,2026-11-23,1087.0,1080.0,130.0,58.0,188.0,17.295308187672493
2026-10-05,BEL,CURRENT,2026-10-27,384.75,385.0,9.25,9.45,18.7,4.860298895386615
2026-10-05,BEL,FAR,2026-12-29,389.1,390.0,27.0,23.55,50.55,12.991518889745565
2026-10-05,BEL,NEAR,2026-11-23,386.6,385.0,22.8,12.9,35.7,9.234350750129334
2026-10-05,BHARATFORG,CURRENT,2026-10-27,1834.0,1840.0,47.2,51.6,98.80000000000001,5.387131952017449
2026-10-05,BHARATFORG,FAR,2026-12-29,1853.7,1840.0,130.05,83.1,213.15,11.49862437287587
2026-10-05,BHARATFORG,NEAR,2026-11-23,1841.4,1840.0,293.5,67.45,360.95,19.60193331161073
2026-10-05,BHARTIARTL,CURRENT,2026-10-27,1781.2,1780.0,28.5,27.7,56.2,3.1551762856501235
2026-10-05,BHARTIARTL,FAR,2026-12-29,1800.1,1800.0,89.3,91.75,181.05,10.057774568079553
2026-10-05,BHARTIARTL,NEAR,2026-11-23,1790.0,1780.0,51.5,66.75,118.25,6.606145251396649
2026-10-05,BHEL,CURRENT,2026-10-27,429.9,430.0,15.25,15.7,30.95,7.199348685740869
2026-10-05,BHEL,FAR,2026-12-29,434.25,440.0,28.7,48.9,77.6,17.869890616004604
2026-10-05,BHEL,NEAR,2026-11-23,432.05,430.0,23.0,21.5,44.5,10.299733827103344
2026-10-05,BIOCON,CURRENT,2026-10-27,370.3,370.0,9.85,9.6,19.45,5.252497974615176
2026-10-05,BIOCON,FAR,2026-12-29,377.0,380.0,26.3,23.75,50.05,13.275862068965516
2026-10-05,BIOCON,NEAR,2026-11-23,372.65,375.0,22.15,16.85,39.0,10.46558432845834
2026-10-05,BLUESTARCO,CURRENT,2026-10-27,1478.7,1480.0,48.7,49.95,98.65,6.671400554541151
2026-10-05,BLUESTARCO,FAR,2026-12-29,1365.0,1360.0,234.05,44.6,278.65000000000003,20.413919413919416
2026-10-05,BLUESTARCO,NEAR,2026-11-23,1454.0,1460.0,140.15,57.7,197.85000000000002,13.607290233837691
2026-10-05,BOSCHLTD,CURRENT,2026-10-27,44970.0,45000.0,1117.0,1073.05,2190.05,4.870024460751613
2026-10-05,BOSCHLTD,FAR,2026-12-29,45360.0,45000.0,3703.7,2344.4,6048.1,13.333553791887127
2026-10-05,BOSCHLTD,NEAR,2026-11-23,45215.0,45000.0,5723.05,1374.55,7097.6,15.697445537985184
2026-10-05,BPCL,CURRENT,2026-10-27,298.6,300.0,7.1,8.35,15.45,5.174146014735431
2026-10-05,BPCL,FAR,2026-12-29,299.05,300.0,22.55,18.8,41.35,13.82711921083431
2026-10-05,BPCL,NEAR,2026-11-23,299.55,300.0,34.85,10.2,45.05,15.039225504924051
2026-10-05,BRITANNIA,CURRENT,2026-10-27,4776.0,4800.0,82.25,103.75,186.0,3.8944723618090453
2026-10-05,BRITANNIA,FAR,2026-12-29,4831.2,4800.0,285.85,180.55,466.40000000000003,9.653916211293263
2026-10-05,BRITANNIA,NEAR,2026-11-23,4796.3,4800.0,700.55,46.75,747.3,15.580760169297164
2026-10-05,BSE,CURRENT,2026-10-27,3183.0,3200.0,103.25,120.25,223.5,7.021677662582469
2026-10-05,BSE,FAR,2026-12-29,3211.0,3200.0,212.0,302.0,514.0,16.00747430706945
2026-10-05,BSE,NEAR,2026-11-23,3199.0,3200.0,168.4,173.75,342.15,10.695529853079085
2026-10-05,CAMS,CURRENT,2026-10-27,684.7,680.0,21.5,16.75,38.25,5.586388199211333
2026-10-05,CAMS,FAR,2026-12-29,684.5,680.0,48.45,52.5,100.95,14.747991234477723
2026-10-05,CAMS,NEAR,2026-11-23,684.55,680.0,103.1,23.05,126.14999999999999,18.428164487619604
2026-10-05,CANBK,CURRENT,2026-10-27,119.12,119.0,3.64,3.39,7.03,5.901611820013432
2026-10-05,CANBK,FAR,2026-12-29,120.4,120.0,9.01,7.75,16.759999999999998,13.920265780730896
2026-10-05,CANBK,NEAR,2026-11-23,119.65,120.0,5.0,4.75,9.75,8.14876723777685
2026-10-05,CDSL,CURRENT,2026-10-27,1251.8,1260.0,33.35,40.9,74.25,5.93145869947276
2026-10-05,CDSL,FAR,2026-12-29,1265.0,1280.0,102.65,101.95,204.60000000000002,16.173913043478265
2026-10-05,CDSL,NEAR,2026-11-23,1258.0,1260.0,59.0,50.0,109.0,8.664546899841017
2026-10-05,CGPOWER,CURRENT,2026-10-27,888.1,890.0,26.85,28.05,54.900000000000006,6.181736290958225
2026-10-05,CGPOWER,FAR,2026-12-29,899.5,900.0,59.65,88.4,148.05,16.459143968871597
2026-10-05,CGPOWER,NEAR,2026-11-23,891.3,890.0,45.5,69.55,115.05,12.908111746886568
2026-10-05,CHOLAFIN,CURRENT,2026-10-27,1606.8,1600.0,50.4,42.95,93.35,5.809683843664426
2026-10-05,CHOLAFIN,FAR,2026-12-29,1625.0,1640.0,133.45,122.15,255.6,15.729230769230767
2026-10-05,CHOLAFIN,NEAR,2026-11-23,1617.0,1620.0,110.25,88.6,198.85,12.297464440321583
2026-10-05,CIPLA,CURRENT,2026-10-27,1334.3,1330.0,34.0,29.0,63.0,4.721576856778835
2026-10-05,CIPLA,FAR,2026-12-29,1348.7,1340.0,101.35,42.45,143.8,10.662119077630312
2026-10-05,CIPLA,NEAR,2026-11-23,1344.3,1340.0,133.05,31.1,164.15,12.210816038086737
2026-10-05,COALINDIA,CURRENT,2026-10-27,426.9,425.0,9.85,7.9,17.75,4.157882408058093
2026-10-05,COALINDIA,FAR,2026-12-29,430.8,430.0,24.35,23.05,47.400000000000006,11.002785515320335
2026-10-05,COALINDIA,NEAR,2026-11-23,428.65,430.0,13.75,15.0,28.75,6.7071036976554295
2026-10-05,COCHINSHIP,CURRENT,2026-10-27,1282.5,1280.0,39.5,35.4,74.9,5.840155945419104
2026-10-05,COCHINSHIP,FAR,2026-12-29,1271.6,1280.0,185.8,87.75,273.55,21.5122680088078
2026-10-05,COCHINSHIP,NEAR,2026-11-23,1277.4,1280.0,302.65,45.15,347.79999999999995,27.227180209801155
2026-10-05,COFORGE,CURRENT,2026-10-27,1851.9,1860.0,70.0,78.4,148.4,8.013391651817052
2026-10-05,COFORGE,FAR,2026-12-29,1861.0,1880.0,107.25,237.7,344.95,18.535733476625467
2026-10-05,COFORGE,NEAR,2026-11-23,1857.2,1860.0,75.9,197.4,273.3,14.715701055352143
2026-10-05,COLPAL,CURRENT,2026-10-27,1775.7,1780.0,45.5,46.8,92.3,5.197950104184265
2026-10-05,COLPAL,FAR,2026-12-29,1773.4,1760.0,131.85,80.95,212.8,11.999548889139506
2026-10-05,COLPAL,NEAR,2026-11-23,1761.0,1760.0,53.95,50.0,103.95,5.90289608177172
2026-10-05,CONCOR,CURRENT,2026-10-27,442.1,440.0,13.6,11.5,25.1,5.67744854105406
2026-10-05,CONCOR,FAR,2026-12-29,445.2,450.0,30.75,30.65,61.4,13.791554357592092
2026-10-05,CONCOR,NEAR,2026-11-23,442.85,445.0,25.05,22.6,47.650000000000006,10.75985096533815
2026-10-05,CROMPTON,CURRENT,2026-10-27,211.66,212.5,6.2,6.79,12.99,6.137201171690447
2026-10-05,CROMPTON,FAR,2026-12-29,214.0,215.0,14.73,15.21,29.94,13.990654205607477
2026-10-05,CROMPTON,NEAR,2026-11-23,212.83,212.5,11.99,11.23,23.22,10.910116055067423
2026-10-05,CUMMINSIND,CURRENT,2026-10-27,4833.8,4850.0,111.6,127.9,239.5,4.954694029541975
2026-10-05,CUMMINSIND,FAR,2026-12-29,4895.0,4900.0,318.65,346.85,665.5,13.595505617977526
2026-10-05,CUMMINSIND,NEAR,2026-11-23,4846.0,4850.0,254.65,261.55,516.2,10.65208419314899
2026-10-05,DABUR,CURRENT,2026-10-27,378.45,380.0,8.2,9.65,17.85,4.716607213634562
2026-10-05,DABUR,FAR,2026-12-29,378.4,380.0,23.4,17.45,40.849999999999994,10.795454545454545
2026-10-05,DABUR,NEAR,2026-11-23,377.65,380.0,15.0,16.0,31.0,8.208658811068451
2026-10-05,DELHIVERY,CURRENT,2026-10-27,401.5,400.0,12.05,10.35,22.4,5.579078455790784
2026-10-05,DELHIVERY,FAR,2026-12-29,404.9,400.0,43.5,20.25,63.75,15.744628303284763
2026-10-05,DELHIVERY,NEAR,2026-11-23,403.45,405.0,32.75,16.75,49.5,12.269178336844714
2026-10-05,DIVISLAB,CURRENT,2026-10-27,9261.5,9300.0,215.75,250.9,466.65,5.0386006586406085
2026-10-05,DIVISLAB,FAR,2026-12-29,9351.0,9400.0,646.65,477.95,1124.6,12.026521227676183
2026-10-05,DIVISLAB,NEAR,2026-11-23,9314.0,9300.0,345.0,334.65,679.65,7.297079665020399
2026-10-05,DIXON,CURRENT,2026-10-27,12744.0,12750.0,451.9,451.6,903.5,7.089610797237916
2026-10-05,DIXON,FAR,2026-12-29,12464.0,12500.0,1688.65,755.5,2444.15,19.609675866495508
2026-10-05,DIXON,NEAR,2026-11-23,12595.0,12500.0,3036.1,620.0,3656.1,29.02818578801111
2026-10-05,DLF,CURRENT,2026-10-27,672.6,670.0,20.45,18.25,38.7,5.753791257805531
2026-10-05,DLF,FAR,2026-12-29,676.0,680.0,41.0,58.05,99.05,14.652366863905325
2026-10-05,DLF,NEAR,2026-11-23,673.2,670.0,30.8,43.75,74.55,11.07397504456328
2026-10-05,DMART,CURRENT,2026-10-27,3563.2,3550.0,118.85,104.85,223.7,6.278064660978895
2026-10-05,DMART,FAR,2026-12-29,3567.1,3600.0,337.15,134.4,471.54999999999995,13.219421939390541
2026-10-05,DMART,NEAR,2026-11-23,3563.1,3550.0,311.4,79.85,391.25,10.980606774999298
2026-10-05,DRREDDY,CURRENT,2026-10-27,1199.9,1200.0,31.2,31.75,62.95,5.246270522543545
2026-10-05,DRREDDY,FAR,2026-12-29,1201.0,1200.0,107.25,37.75,145.0,12.073272273105745
2026-10-05,DRREDDY,NEAR,2026-11-23,1196.5,1200.0,40.0,41.35,81.35,6.798997074801504
2026-10-05,EICHERMOT,CURRENT,2026-10-27,7065.0,7100.0,126.25,163.0,289.25,4.094125973106865
2026-10-05,EICHERMOT,FAR,2026-12-29,7163.5,7200.0,211.1,394.8,605.9,8.458155929364137
2026-10-05,EICHERMOT,NEAR,2026-11-23,7099.0,7100.0,242.8,271.25,514.05,7.241160726862937
2026-10-05,ENRIN,CURRENT,2026-10-27,3340.8,3350.0,128.35,129.7,258.04999999999995,7.724197796934865
2026-10-05,ENRIN,FAR,2026-12-29,3346.6,3300.0,170.0,293.65,463.65,13.854359648598576
2026-10-05,ENRIN,NEAR,2026-11-23,3345.7,3350.0,154.45,275.7,430.15,12.856801267298323
2026-10-05,ETERNAL,CURRENT,2026-10-27,321.9,320.0,11.6,9.7,21.299999999999997,6.616961789375582
2026-10-05,ETERNAL,FAR,2026-12-29,325.1,330.0,27.9,25.2,53.099999999999994,16.333435865887417
2026-10-05,ETERNAL,NEAR,2026-11-23,323.45,325.0,23.55,17.8,41.35,12.784046993352916
2026-10-05,FEDERALBNK,CURRENT,2026-10-27,328.0,330.0,8.05,10.3,18.35,5.594512195121951
2026-10-05,FEDERALBNK,FAR,2026-12-29,331.15,330.0,15.0,22.0,37.0,11.173184357541901
2026-10-05,FEDERALBNK,NEAR,2026-11-23,329.95,330.0,11.55,12.0,23.55,7.13744506743446
2026-10-05,FORCEMOT,CURRENT,2026-10-27,16541.0,16500.0,602.0,574.15,1176.15,7.110513270056225
2026-10-05,FORCEMOT,FAR,2026-12-29,16495.0,16500.0,2217.2,1570.45,3787.6499999999996,22.962412852379508
2026-10-05,FORCEMOT,NEAR,2026-11-23,16498.0,16500.0,1757.1,1205.55,2962.6499999999996,17.957631228027637
2026-10-05,FORTIS,CURRENT,2026-10-27,770.1,770.0,22.6,22.0,44.6,5.791455655109726
2026-10-05,FORTIS,FAR,2026-12-29,776.6,780.0,81.9,28.5,110.4,14.215812516095802
2026-10-05,FORTIS,NEAR,2026-11-23,773.95,770.0,75.6,16.75,92.35,11.932295367917822
2026-10-05,GAIL,CURRENT,2026-10-27,167.92,167.5,4.05,3.5,7.55,4.49618866126727
2026-10-05,GAIL,FAR,2026-12-29,169.48,170.0,12.06,9.53,21.59,12.73896624970498
2026-10-05,GAIL,NEAR,2026-11-23,168.89,170.0,5.97,6.2,12.17,7.205873645568121
2026-10-05,GLENMARK,CURRENT,2026-10-27,2299.3,2300.0,61.55,61.9,123.44999999999999,5.36902535554299
2026-10-05,GLENMARK,FAR,2026-12-29,2322.0,2320.0,252.75,97.3,350.05,15.075366063738157
2026-10-05,GLENMARK,NEAR,2026-11-23,2305.8,2300.0,223.95,90.0,313.95,13.61566484517304
2026-10-05,GMRAIRPORT,CURRENT,2026-10-27,92.87,93.0,2.48,2.56,5.04,5.426940885108215
2026-10-05,GMRAIRPORT,FAR,2026-12-29,94.28,94.0,7.58,6.45,14.030000000000001,14.881204921510397
2026-10-05,GMRAIRPORT,NEAR,2026-11-23,93.27,93.0,6.26,3.41,9.67,10.367749544333655
2026-10-05,GODFRYPHLP,CURRENT,2026-10-27,1887.3,1880.0,60.95,127.6,188.55,9.990462565569864
2026-10-05,GODFRYPHLP,FAR,2026-12-29,1852.4,1840.0,242.7,193.7,436.4,23.55862664651263
2026-10-05,GODFRYPHLP,NEAR,2026-11-23,1876.4,1880.0,170.85,172.15,343.0,18.27968450223833
2026-10-05,GODREJCP,CURRENT,2026-10-27,841.95,840.0,23.25,21.55,44.8,5.320981055882178
2026-10-05,GODREJCP,FAR,2026-12-29,844.0,840.0,69.25,41.9,111.15,13.169431279620856
2026-10-05,GODREJCP,NEAR,2026-11-23,841.3,840.0,123.05,25.55,148.6,17.66314037798645
2026-10-05,GODREJPROP,CURRENT,2026-10-27,1610.9,1620.0,50.15,59.85,110.0,6.828480973368924
2026-10-05,GODREJPROP,FAR,2026-12-29,1625.4,1640.0,150.6,132.2,282.79999999999995,17.398794142980186
2026-10-05,GODREJPROP,NEAR,2026-11-23,1618.4,1620.0,124.5,95.75,220.25,13.60912011863569
2026-10-05,GRASIM,CURRENT,2026-10-27,2983.8,2980.0,60.2,56.3,116.5,3.9044171861384807
2026-10-05,GRASIM,FAR,2026-12-29,3018.0,3000.0,247.55,103.6,351.15,11.635188866799204
2026-10-05,GRASIM,NEAR,2026-11-23,2999.9,3000.0,99.0,85.0,184.0,6.13353778459282
2026-10-05,GVT&D,CURRENT,2026-10-27,4250.1,4300.0,108.5,163.0,271.5,6.388084986235618
2026-10-05,GVT&D,FAR,2026-12-29,4293.1,4200.0,437.8,445.95,883.75,20.58535789988586
2026-10-05,GVT&D,NEAR,2026-11-23,4268.3,4300.0,287.2,418.7,705.9,16.53820022022819
2026-10-05,HAL,CURRENT,2026-10-27,4684.1,4700.0,104.95,119.95,224.9,4.801349245319271
2026-10-05,HAL,FAR,2026-12-29,4726.8,4700.0,285.15,367.0,652.15,13.796860455276297
2026-10-05,HAL,NEAR,2026-11-23,4710.6,4700.0,490.8,178.5,669.3,14.208381097949305
2026-10-05,HAVELLS,CURRENT,2026-10-27,1051.6,1050.0,30.65,28.7,59.349999999999994,5.643780905287182
2026-10-05,HAVELLS,FAR,2026-12-29,1049.5,1040.0,70.55,52.05,122.6,11.681753215817055
2026-10-05,HAVELLS,NEAR,2026-11-23,1049.2,1050.0,49.0,46.4,95.4,9.092642012962257
2026-10-05,HCLTECH,CURRENT,2026-10-27,1194.1,1190.0,45.0,40.9,85.9,7.193702369985765
2026-10-05,HCLTECH,FAR,2026-12-29,1205.1,1200.0,103.9,69.0,172.9,14.34735706580367
2026-10-05,HCLTECH,NEAR,2026-11-23,1201.2,1200.0,56.0,58.0,114.0,9.49050949050949
2026-10-05,HDFCAMC,CURRENT,2026-10-27,2363.2,2360.0,69.0,171.3,240.3,10.168415707515235
2026-10-05,HDFCAMC,FAR,2026-12-29,2385.0,2400.0,110.7,252.25,362.95,15.218029350104823
2026-10-05,HDFCAMC,NEAR,2026-11-23,2367.3,2360.0,83.35,199.1,282.45,11.931314155366872
2026-10-05,HDFCBANK,CURRENT,2026-10-27,706.2,710.0,15.45,19.45,34.9,4.941942792410082
2026-10-05,HDFCBANK,FAR,2026-12-29,713.8,720.0,30.4,34.8,65.19999999999999,9.134211263659289
2026-10-05,HDFCBANK,NEAR,2026-11-23,709.5,710.0,26.55,26.25,52.8,7.441860465116279
2026-10-05,HDFCLIFE,CURRENT,2026-10-27,531.4,530.0,15.4,14.65,30.05,5.654873917952578
2026-10-05,HDFCLIFE,FAR,2026-12-29,537.25,540.0,27.2,35.75,62.95,11.717077710563053
2026-10-05,HDFCLIFE,NEAR,2026-11-23,533.95,535.0,21.1,27.8,48.900000000000006,9.158160876486562
2026-10-05,HEROMOTOCO,CURRENT,2026-10-27,5074.5,5050.0,148.45,120.1,268.54999999999995,5.29214700955759
2026-10-05,HEROMOTOCO,FAR,2026-12-29,5102.0,5100.0,422.1,239.4,661.5,12.965503724029793
2026-10-05,HEROMOTOCO,NEAR,2026-11-23,5084.5,5100.0,195.0,182.35,377.35,7.42157537614318
2026-10-05,HINDALCO,CURRENT,2026-10-27,944.65,940.0,26.85,21.8,48.650000000000006,5.150055576139312
2026-10-05,HINDALCO,FAR,2026-12-29,955.0,960.0,70.3,61.05,131.35,13.753926701570679
2026-10-05,HINDALCO,NEAR,2026-11-23,948.7,950.0,58.0,44.35,102.35,10.7884473490039
2026-10-05,HINDPETRO,CURRENT,2026-10-27,344.5,345.0,9.65,10.1,19.75,5.732946298984035
2026-10-05,HINDPETRO,FAR,2026-12-29,345.15,350.0,30.45,26.15,56.599999999999994,16.398667246124873
2026-10-05,HINDPETRO,NEAR,2026-11-23,344.85,345.0,25.7,18.45,44.15,12.802667826591271
2026-10-05,HINDUNILVR,CURRENT,2026-10-27,1849.2,1840.0,45.2,35.5,80.7,4.36404931862427
2026-10-05,HINDUNILVR,FAR,2026-12-29,1850.6,1840.0,121.6,70.85,192.45,10.399329947044201
2026-10-05,HINDUNILVR,NEAR,2026-11-23,1840.2,1840.0,54.0,56.0,110.0,5.977611129225084
2026-10-05,HINDZINC,CURRENT,2026-10-27,563.9,560.0,20.9,16.9,37.8,6.703316190813974
2026-10-05,HINDZINC,FAR,2026-12-29,570.6,580.0,48.3,56.55,104.85,18.37539432176656
2026-10-05,HINDZINC,NEAR,2026-11-23,567.0,570.0,39.65,37.55,77.19999999999999,13.615520282186946
2026-10-05,HYUNDAI,CURRENT,2026-10-27,2001.0,2000.0,57.35,55.7,113.05000000000001,5.6496751624187915
2026-10-05,HYUNDAI,FAR,2026-12-29,1969.7,1960.0,234.25,65.5,299.75,15.218053510686907
2026-10-05,HYUNDAI,NEAR,2026-11-23,1979.9,1980.0,187.35,49.75,237.1,11.975352290519723
2026-10-05,ICICIBANK,CURRENT,2026-10-27,1335.9,1340.0,26.0,30.3,56.3,4.214387304438954
2026-10-05,ICICIBANK,FAR,2026-12-29,1349.4,1340.0,45.9,74.05,119.94999999999999,8.889135912257299
2026-10-05,ICICIBANK,NEAR,2026-11-23,1342.5,1340.0,37.65,36.0,73.65,5.486033519553073
2026-10-05,ICICIGI,CURRENT,2026-10-27,1587.2,1580.0,48.45,42.1,90.55000000000001,5.705015120967742
2026-10-05,ICICIGI,FAR,2026-12-29,1573.0,1560.0,83.6,105.75,189.35,12.037507946598854
2026-10-05,ICICIGI,NEAR,2026-11-23,1593.9,1600.0,55.0,92.0,147.0,9.22266139657444
2026-10-05,ICICIPRULI,CURRENT,2026-10-27,453.3,455.0,14.2,16.3,30.5,6.7284359144054715
2026-10-05,ICICIPRULI,FAR,2026-12-29,451.75,450.0,29.35,28.2,57.55,12.7393469839513
2026-10-05,ICICIPRULI,NEAR,2026-11-23,452.15,450.0,73.85,18.4,92.25,20.402521287183458
2026-10-05,IDEA,CURRENT,2026-10-27,12.84,13.0,0.47,0.61,1.08,8.41121495327103
2026-10-05,IDEA,FAR,2026-12-29,12.96,12.0,2.46,0.72,3.1799999999999997,24.53703703703703
2026-10-05,IDEA,NEAR,2026-11-23,12.91,13.0,0.77,0.83,1.6,12.393493415956623
2026-10-05,IDFCFIRSTB,CURRENT,2026-10-27,82.21,82.0,2.63,2.39,5.02,6.106313100596035
2026-10-05,IDFCFIRSTB,FAR,2026-12-29,83.25,84.0,3.64,7.69,11.33,13.60960960960961
2026-10-05,IDFCFIRSTB,NEAR,2026-11-23,82.63,83.0,3.3,6.1,9.399999999999999,11.376013554399128
2026-10-05,IEX,CURRENT,2026-10-27,104.43,104.0,6.69,2.48,9.17,8.781001627884708
2026-10-05,IEX,NEAR,2026-11-23,104.6,105.0,5.53,3.25,8.780000000000001,8.393881453154878
2026-10-05,INDHOTEL,CURRENT,2026-10-27,726.65,730.0,15.1,18.45,33.55,4.617078373357187
2026-10-05,INDHOTEL,FAR,2026-12-29,732.7,740.0,38.65,53.45,92.1,12.569946772212365
2026-10-05,INDHOTEL,NEAR,2026-11-23,730.15,730.0,31.0,40.15,71.15,9.744573032938439
2026-10-05,INDIANB,CURRENT,2026-10-27,810.15,810.0,25.3,25.0,50.3,6.208726778991545
2026-10-05,INDIANB,FAR,2026-12-29,810.75,820.0,54.55,67.3,121.85,15.029293863706444
2026-10-05,INDIANB,NEAR,2026-11-23,812.75,810.0,43.4,50.95,94.35,11.60873577360812
2026-10-05,INDIGO,CURRENT,2026-10-27,4945.0,4950.0,138.4,146.2,284.6,5.75530839231547
2026-10-05,INDIGO,FAR,2026-12-29,4995.0,5000.0,300.0,401.6,701.6,14.046046046046046
2026-10-05,INDIGO,NEAR,2026-11-23,4965.4,4950.0,273.3,189.1,462.4,9.312442099327345
2026-10-05,INDUSINDBK,CURRENT,2026-10-27,890.1,890.0,28.05,26.9,54.95,6.173463655769015
2026-10-05,INDUSINDBK,FAR,2026-12-29,902.5,900.0,65.0,73.8,138.8,15.379501385041552
2026-10-05,INDUSINDBK,NEAR,2026-11-23,894.05,890.0,51.75,55.85,107.6,12.035121078239472
2026-10-05,INDUSTOWER,CURRENT,2026-10-27,380.85,380.0,10.2,9.4,19.6,5.14638309045556
2026-10-05,INDUSTOWER,FAR,2026-12-29,382.9,380.0,22.1,29.0,51.1,13.345521023765997
2026-10-05,INDUSTOWER,NEAR,2026-11-23,382.75,385.0,15.0,27.75,42.75,11.16917047681254
2026-10-05,INFY,CURRENT,2026-10-27,1023.55,1020.0,38.9,35.6,74.5,7.278589223779981
2026-10-05,INFY,FAR,2026-12-29,1032.3,1040.0,56.2,76.15,132.35000000000002,12.820885401530566
2026-10-05,INFY,NEAR,2026-11-23,1027.35,1020.0,53.05,49.15,102.19999999999999,9.94792427118314
2026-10-05,INOXWIND,CURRENT,2026-10-27,68.06,68.0,6.1,2.26,8.36,12.283279459300616
2026-10-05,INOXWIND,FAR,2026-12-29,68.6,68.0,9.47,4.97,14.440000000000001,21.049562682215747
2026-10-05,INOXWIND,NEAR,2026-11-23,68.36,68.0,7.75,3.65,11.4,16.676418958455237
2026-10-05,IOC,CURRENT,2026-10-27,131.12,131.0,5.04,3.13,8.17,6.230933496034167
2026-10-05,IOC,FAR,2026-12-29,132.41,132.0,8.86,7.6,16.46,12.431085265463334
2026-10-05,IOC,NEAR,2026-11-23,131.67,132.0,6.66,6.16,12.82,9.736462368041316
2026-10-05,IREDA,CURRENT,2026-10-27,107.73,107.5,3.81,3.49,7.300000000000001,6.7761997586559
2026-10-05,IREDA,NEAR,2026-11-23,105.11,105.0,5.0,5.55,10.55,10.037103986300068
2026-10-05,IRFC,CURRENT,2026-10-27,75.83,76.0,2.3,2.5,4.8,6.329948569167875
2026-10-05,IRFC,FAR,2026-12-29,74.51,74.0,10.11,2.77,12.879999999999999,17.286270299288685
2026-10-05,IRFC,NEAR,2026-11-23,74.87,75.0,8.05,3.5,11.55,15.426739682115667
2026-10-05,ITC,CURRENT,2026-10-27,269.6,270.0,4.85,5.4,10.25,3.8019287833827886
2026-10-05,ITC,FAR,2026-12-29,272.5,270.0,9.2,13.05,22.25,8.1651376146789
2026-10-05,ITC,NEAR,2026-11-23,270.8,270.0,8.2,7.25,15.45,5.705317577548005
2026-10-05,JINDALSTEL,CURRENT,2026-10-27,1098.0,1100.0,29.35,30.3,59.650000000000006,5.432604735883425
2026-10-05,JINDALSTEL,FAR,2026-12-29,1107.0,1120.0,89.65,63.25,152.9,13.812104787714544
2026-10-05,JINDALSTEL,NEAR,2026-11-23,1104.1,1100.0,48.0,46.65,94.65,8.572593062222627
2026-10-05,JIOFIN,CURRENT,2026-10-27,212.78,212.5,6.57,6.23,12.8,6.015602970203967
2026-10-05,JIOFIN,FAR,2026-12-29,215.06,215.0,17.89,12.18,30.07,13.982144517808983
2026-10-05,JIOFIN,NEAR,2026-11-23,214.03,215.0,8.36,9.86,18.22,8.512825304863805
2026-10-05,JSWENERGY,CURRENT,2026-10-27,491.7,490.0,15.25,13.2,28.45,5.786048403498068
2026-10-05,JSWENERGY,FAR,2026-12-29,494.0,500.0,43.25,34.75,78.0,15.789473684210526
2026-10-05,JSWENERGY,NEAR,2026-11-23,494.3,490.0,38.4,22.9,61.3,12.401375682783735
2026-10-05,JSWSTEEL,CURRENT,2026-10-27,1236.9,1240.0,29.2,32.4,61.599999999999994,4.980192416525183
2026-10-05,JSWSTEEL,FAR,2026-12-29,1248.6,1240.0,99.25,48.7,147.95,11.849271183725772
2026-10-05,JSWSTEEL,NEAR,2026-11-23,1240.1,1240.0,132.4,33.65,166.05,13.390049189581488
2026-10-05,JUBLFOOD,CURRENT,2026-10-27,447.6,450.0,13.7,16.5,30.2,6.747095621090258
2026-10-05,JUBLFOOD,FAR,2026-12-29,441.75,440.0,51.25,21.8,73.05,16.536502546689302
2026-10-05,JUBLFOOD,NEAR,2026-11-23,443.95,440.0,91.05,9.55,100.6,22.660209483049893
2026-10-05,KALYANKJIL,CURRENT,2026-10-27,558.85,560.0,23.65,24.8,48.45,8.669589335242014
2026-10-05,KALYANKJIL,FAR,2026-12-29,564.1,560.0,71.95,54.85,126.80000000000001,22.478283992199966
2026-10-05,KALYANKJIL,NEAR,2026-11-23,561.35,560.0,102.0,30.9,132.9,23.675069030016925
2026-10-05,KAYNES,CURRENT,2026-10-27,3365.3,3350.0,168.8,136.35,305.15,9.067542269634208
2026-10-05,KAYNES,FAR,2026-12-29,3303.0,3300.0,565.3,305.45,870.75,26.362397820163487
2026-10-05,KAYNES,NEAR,2026-11-23,3320.8,3300.0,875.65,129.35,1005.0,30.263791857383758
2026-10-05,KEI,CURRENT,2026-10-27,4631.8,4600.0,166.35,134.15,300.5,6.487758538797012
2026-10-05,KEI,FAR,2026-12-29,4620.0,4600.0,374.8,446.45,821.25,17.775974025974026
2026-10-05,KEI,NEAR,2026-11-23,4628.0,4600.0,1156.45,100.15,1256.6000000000001,27.152117545375976
2026-10-05,KFINTECH,CURRENT,2026-10-27,854.4,860.0,26.95,31.8,58.75,6.8761704119850195
2026-10-05,KFINTECH,FAR,2026-12-29,837.0,840.0,79.35,68.85,148.2,17.706093189964157
2026-10-05,KFINTECH,NEAR,2026-11-23,842.35,840.0,45.0,29.55,74.55,8.850240398884074
2026-10-05,KOTAKBANK,CURRENT,2026-10-27,418.65,420.0,9.15,10.75,19.9,4.7533739400453845
2026-10-05,KOTAKBANK,FAR,2026-12-29,423.85,420.0,17.75,11.95,29.7,7.0071959419606
2026-10-05,KOTAKBANK,NEAR,2026-11-23,420.95,420.0,14.0,13.0,27.0,6.414063427960566
2026-10-05,KPITTECH,CURRENT,2026-10-27,492.95,490.0,20.25,17.1,37.35,7.576833350238362
2026-10-05,KPITTECH,FAR,2026-12-29,497.0,500.0,63.5,36.5,100.0,20.12072434607646
2026-10-05,KPITTECH,NEAR,2026-11-23,495.15,500.0,31.85,33.0,64.85,13.097041300615974
2026-10-05,LAURUSLABS,CURRENT,2026-10-27,1971.1,1980.0,61.25,69.2,130.45,6.618132007508498
2026-10-05,LAURUSLABS,FAR,2026-12-29,1991.9,2000.0,148.25,139.95,288.2,14.468597821175761
2026-10-05,LAURUSLABS,NEAR,2026-11-23,1980.8,1980.0,115.7,103.75,219.45,11.078857027463652
2026-10-05,LICHSGFIN,CURRENT,2026-10-27,507.75,510.0,13.75,15.9,29.65,5.839487936976859
2026-10-05,LICHSGFIN,FAR,2026-12-29,512.35,510.0,62.05,16.1,78.15,15.253244852151852
2026-10-05,LICHSGFIN,NEAR,2026-11-23,509.45,510.0,53.6,10.6,64.2,12.601825498086171
2026-10-05,LICI,CURRENT,2026-10-27,389.55,390.0,8.45,8.9,17.35,4.453857014503915
2026-10-05,LICI,FAR,2026-12-29,393.8,390.0,27.75,22.05,49.8,12.646013204672421
2026-10-05,LICI,NEAR,2026-11-23,391.25,390.0,15.4,13.5,28.9,7.386581469648562
2026-10-05,LODHA,CURRENT,2026-10-27,1138.6,1140.0,41.35,41.95,83.30000000000001,7.316002107851749
2026-10-05,LODHA,FAR,2026-12-29,1134.5,1120.0,106.3,103.3,209.6,18.475099162626705
2026-10-05,LODHA,NEAR,2026-11-23,1130.0,1120.0,222.7,44.95,267.65,23.6858407079646
2026-10-05,LT,CURRENT,2026-10-27,3753.7,3750.0,79.05,76.05,155.1,4.131923169139782
2026-10-05,LT,FAR,2026-12-29,3793.9,3800.0,224.15,219.4,443.55,11.691135770579088
2026-10-05,LT,NEAR,2026-11-23,3774.7,3750.0,188.55,156.15,344.70000000000005,9.131851537870562
2026-10-05,LTF,CURRENT,2026-10-27,263.65,265.0,9.15,10.15,19.3,7.320311018395601
2026-10-05,LTF,FAR,2026-12-29,262.7,260.0,30.5,15.6,46.1,17.548534449942903
2026-10-05,LTF,NEAR,2026-11-23,263.0,265.0,12.0,13.65,25.65,9.752851711026615
2026-10-05,LTM,CURRENT,2026-10-27,3979.7,4000.0,135.2,156.6,291.79999999999995,7.332210970676181
2026-10-05,LTM,FAR,2026-12-29,3849.2,3800.0,403.2,211.55,614.75,15.970851085939936
2026-10-05,LTM,NEAR,2026-11-23,3902.0,3900.0,218.5,186.0,404.5,10.366478728856997
2026-10-05,LUPIN,CURRENT,2026-10-27,2011.4,2020.0,39.45,49.05,88.5,4.399920453415531
2026-10-05,LUPIN,FAR,2026-12-29,2031.0,2040.0,129.75,87.75,217.5,10.709010339734121
2026-10-05,LUPIN,NEAR,2026-11-23,2020.6,2020.0,89.6,60.75,150.35,7.440859150747303
2026-10-05,M&M,CURRENT,2026-10-27,2871.8,2850.0,79.6,57.6,137.2,4.777491468765234
2026-10-05,M&M,FAR,2026-12-29,2908.0,2900.0,238.5,148.25,386.75,13.299518569463547
2026-10-05,M&M,NEAR,2026-11-23,2884.3,2900.0,99.0,113.0,212.0,7.350136948306347
2026-10-05,MAHABANK,CURRENT,2026-10-27,81.0,81.0,3.07,2.91,5.98,7.382716049382716
2026-10-05,MAHABANK,FAR,2026-12-29,82.19,82.0,6.09,7.73,13.82,16.814697651782456
2026-10-05,MAHABANK,NEAR,2026-11-23,81.24,81.0,4.79,5.91,10.7,13.170851797144264
2026-10-05,MANAPPURAM,CURRENT,2026-10-27,312.15,310.0,10.55,8.5,19.05,6.102835175396445
2026-10-05,MANAPPURAM,FAR,2026-12-29,308.0,310.0,32.1,21.15,53.25,17.28896103896104
2026-10-05,MANAPPURAM,NEAR,2026-11-23,313.0,315.0,22.85,18.6,41.45,13.242811501597446
2026-10-05,MANKIND,CURRENT,2026-10-27,2475.8,2480.0,64.2,67.8,132.0,5.3316099846514255
2026-10-05,MANKIND,FAR,2026-12-29,2467.0,2480.0,221.1,119.75,340.85,13.816376165383057
2026-10-05,MANKIND,NEAR,2026-11-23,2471.2,2480.0,118.9,197.05,315.95000000000005,12.785286500485595
2026-10-05,MARICO,CURRENT,2026-10-27,793.15,790.0,17.9,14.4,32.3,4.072369665258778
2026-10-05,MARICO,FAR,2026-12-29,804.85,800.0,37.05,38.15,75.19999999999999,9.343355904826984
2026-10-05,MARICO,NEAR,2026-11-23,795.6,800.0,74.75,37.25,112.0,14.077425842131724
2026-10-05,MARUTI,CURRENT,2026-10-27,11527.0,11500.0,280.35,250.15,530.5,4.602238223301813
2026-10-05,MARUTI,FAR,2026-12-29,11670.0,11600.0,892.3,445.35,1337.65,11.462296486718081
2026-10-05,MARUTI,NEAR,2026-11-23,11594.0,11600.0,2331.5,81.2,2412.7,20.80990167327928
2026-10-05,MAXHEALTH,CURRENT,2026-10-27,920.05,920.0,28.3,28.3,56.6,6.1518395739362
2026-10-05,MAXHEALTH,FAR,2026-12-29,920.0,920.0,109.7,34.1,143.8,15.630434782608695
2026-10-05,MAXHEALTH,NEAR,2026-11-23,920.25,920.0,41.0,40.0,81.0,8.80195599022005
2026-10-05,MAZDOCK,CURRENT,2026-10-27,2078.5,2080.0,70.55,99.95,170.5,8.203031031994227
2026-10-05,MAZDOCK,FAR,2026-12-29,2082.5,2080.0,212.8,175.2,388.0,18.631452581032413
2026-10-05,MAZDOCK,NEAR,2026-11-23,2073.8,2080.0,164.05,138.5,302.55,14.589159996142348
2026-10-05,MCX,CURRENT,2026-10-27,3180.2,3200.0,114.8,134.7,249.5,7.845418527136659
2026-10-05,MCX,FAR,2026-12-29,3208.0,3200.0,340.2,200.0,540.2,16.83915211970075
2026-10-05,MCX,NEAR,2026-11-23,3192.9,3200.0,210.85,175.1,385.95,12.0877572113126
2026-10-05,MFSL,CURRENT,2026-10-27,1356.8,1360.0,40.95,43.85,84.80000000000001,6.250000000000002
2026-10-05,MFSL,FAR,2026-12-29,1371.0,1360.0,125.7,73.4,199.10000000000002,14.522246535375642
2026-10-05,MFSL,NEAR,2026-11-23,1364.3,1360.0,268.95,45.0,313.95,23.01180092355054
2026-10-05,MOTHERSON,CURRENT,2026-10-27,156.9,157.5,4.21,4.66,8.870000000000001,5.653282345442958
2026-10-05,MOTHERSON,FAR,2026-12-29,158.35,160.0,13.33,12.42,25.75,16.26144616356173
2026-10-05,MOTHERSON,NEAR,2026-11-23,157.91,157.5,11.24,8.78,20.02,12.678107782914319
2026-10-05,MOTILALOFS,CURRENT,2026-10-27,1015.2,1020.0,32.2,37.5,69.7,6.865642237982664
2026-10-05,MOTILALOFS,FAR,2026-12-29,1025.0,1040.0,85.35,113.95,199.3,19.44390243902439
2026-10-05,MOTILALOFS,NEAR,2026-11-23,1021.85,1020.0,69.4,84.1,153.5,15.021774233008758
2026-10-05,MPHASIS,CURRENT,2026-10-27,2297.2,2300.0,74.55,78.9,153.45,6.679871147483893
2026-10-05,MPHASIS,FAR,2026-12-29,2338.0,2300.0,110.95,222.85,333.8,14.27715996578272
2026-10-05,MPHASIS,NEAR,2026-11-23,2311.2,2300.0,267.75,101.65,369.4,15.983039113880235
2026-10-05,MUTHOOTFIN,CURRENT,2026-10-27,2717.0,2700.0,91.5,74.15,165.65,6.096797938903202
2026-10-05,MUTHOOTFIN,FAR,2026-12-29,2754.3,2800.0,222.45,244.6,467.04999999999995,16.957121591692985
2026-10-05,MUTHOOTFIN,NEAR,2026-11-23,2731.8,2750.0,186.1,174.9,361.0,13.214730214510578
2026-10-05,NAM-INDIA,CURRENT,2026-10-27,1054.8,1060.0,30.6,34.85,65.45,6.204967766401214
2026-10-05,NAM-INDIA,FAR,2026-12-29,1040.0,1040.0,119.15,75.9,195.05,18.754807692307693
2026-10-05,NAM-INDIA,NEAR,2026-11-23,1046.4,1040.0,233.4,33.55,266.95,25.511276758409785
2026-10-05,NATIONALUM,CURRENT,2026-10-27,340.05,340.0,11.5,11.45,22.95,6.749007498897221
2026-10-05,NATIONALUM,FAR,2026-12-29,342.0,340.0,40.05,28.4,68.44999999999999,20.014619883040933
2026-10-05,NATIONALUM,NEAR,2026-11-23,340.0,340.0,19.65,19.45,39.099999999999994,11.499999999999998
2026-10-05,NAUKRI,CURRENT,2026-10-27,1208.4,1200.0,44.8,35.35,80.15,6.632737504137702
2026-10-05,NAUKRI,FAR,2026-12-29,1210.0,1200.0,127.7,65.1,192.8,15.933884297520661
2026-10-05,NAUKRI,NEAR,2026-11-23,1211.0,1220.0,92.5,56.7,149.2,12.32039636663914
2026-10-05,NBCC,CURRENT,2026-10-27,76.56,77.0,2.16,2.57,4.73,6.17816091954023
2026-10-05,NBCC,FAR,2026-12-29,77.65,78.0,7.47,6.32,13.79,17.75917578879588
2026-10-05,NBCC,NEAR,2026-11-23,76.8,77.0,6.22,4.53,10.75,13.997395833333334
2026-10-05,NESTLEIND,CURRENT,2026-10-27,1305.2,1310.0,31.9,36.1,68.0,5.209929512718357
2026-10-05,NESTLEIND,FAR,2026-12-29,1322.5,1320.0,90.8,45.8,136.6,10.328922495274101
2026-10-05,NESTLEIND,NEAR,2026-11-23,1313.6,1310.0,78.3,30.95,109.25,8.31683922046285
2026-10-05,NHPC,CURRENT,2026-10-27,72.06,72.0,1.71,1.65,3.36,4.6627810158201495
2026-10-05,NHPC,FAR,2026-12-29,71.97,72.0,5.83,2.0,7.83,10.879533138807837
2026-10-05,NHPC,NEAR,2026-11-23,71.97,72.0,8.15,1.5,9.65,13.408364596359595
2026-10-05,NIFTY,CURRENT,2026-10-27,22620.8,22600.0,321.2,299.0,620.2,2.7417244306125337
2026-10-05,NIFTY,FAR,2026-12-29,22845.8,22850.0,556.55,542.55,1099.1,4.8109499339047
2026-10-05,NIFTY,NEAR,2026-11-23,22722.8,22700.0,450.4,426.35,876.75,3.8584593447990567
2026-10-05,NIFTYFPI,CURRENT,2026-10-27,1477.85,1480.0,137.55,8.8,146.35000000000002,9.902899482356126
2026-10-05,NIFTYFPI,FAR,2026-12-29,1495.45,1495.0,48.5,48.1,96.6,6.459594102109732
2026-10-05,NIFTYFPI,NEAR,2026-11-23,1425.2,1425.0,184.0,4.2,188.2,13.205164187482458
2026-10-05,NMDC,CURRENT,2026-10-27,74.09,74.0,2.2,2.15,4.35,5.871237683897961
2026-10-05,NMDC,FAR,2026-12-29,75.08,76.0,6.45,4.33,10.780000000000001,14.358018114011722
2026-10-05,NMDC,NEAR,2026-11-23,74.36,74.0,14.35,1.31,15.66,21.05970952124798
2026-10-05,NTPC,CURRENT,2026-10-27,322.15,322.5,5.2,5.9,11.100000000000001,3.44559987583424
2026-10-05,NTPC,FAR,2026-12-29,323.0,325.0,17.6,14.3,31.900000000000002,9.876160990712075
2026-10-05,NTPC,NEAR,2026-11-23,321.5,322.5,14.4,10.5,24.9,7.744945567651633
2026-10-05,NYKAA,CURRENT,2026-10-27,338.5,340.0,8.35,9.7,18.049999999999997,5.332348596750369
2026-10-05,NYKAA,FAR,2026-12-29,340.15,340.0,19.0,26.65,45.65,13.420549757459947
2026-10-05,NYKAA,NEAR,2026-11-23,338.55,340.0,22.2,23.15,45.349999999999994,13.395362575690442
2026-10-05,OBEROIRLTY,CURRENT,2026-10-27,1762.8,1760.0,59.1,54.9,114.0,6.466984343090538
2026-10-05,OBEROIRLTY,FAR,2026-12-29,1770.0,1760.0,138.55,109.85,248.4,14.033898305084747
2026-10-05,OBEROIRLTY,NEAR,2026-11-23,1765.5,1760.0,213.6,67.45,281.05,15.919003115264799
2026-10-05,OFSS,CURRENT,2026-10-27,10510.0,10500.0,429.9,411.3,841.2,8.003805899143673
2026-10-05,OFSS,FAR,2026-12-29,10360.0,10500.0,880.9,821.1,1702.0,16.428571428571427
2026-10-05,OFSS,NEAR,2026-11-23,10362.0,10250.0,786.75,539.7,1326.45,12.801100173711639
2026-10-05,OIL,CURRENT,2026-10-27,446.75,445.0,12.6,10.8,23.4,5.23782876329043
2026-10-05,OIL,FAR,2026-12-29,450.0,450.0,44.3,28.3,72.6,16.133333333333333
2026-10-05,OIL,NEAR,2026-11-23,446.4,445.0,37.9,19.5,57.4,12.8584229390681
2026-10-05,ONGC,CURRENT,2026-10-27,225.91,225.0,5.19,4.16,9.350000000000001,4.138816342791378
2026-10-05,ONGC,FAR,2026-12-29,228.22,230.0,15.0,11.63,26.630000000000003,11.668565419332225
2026-10-05,ONGC,NEAR,2026-11-23,226.86,227.5,12.69,8.17,20.86,9.195098298510093
2026-10-05,PAGEIND,CURRENT,2026-10-27,37570.0,37500.0,1051.75,961.15,2012.9,5.35773223316476
2026-10-05,PAGEIND,FAR,2026-12-29,37865.0,38000.0,1820.75,2684.0,4504.75,11.89687046084775
2026-10-05,PAGEIND,NEAR,2026-11-23,37565.0,37500.0,1446.9,2033.9,3480.8,9.26607214162119
2026-10-05,PATANJALI,CURRENT,2026-10-27,356.0,355.0,13.0,12.05,25.05,7.036516853932584
2026-10-05,PATANJALI,FAR,2026-12-29,359.0,360.0,36.2,19.55,55.75,15.529247910863509
2026-10-05,PATANJALI,NEAR,2026-11-23,358.5,360.0,22.55,26.3,48.85,13.626220362622037
2026-10-05,PAYTM,CURRENT,2026-10-27,1690.6,1700.0,56.2,65.1,121.3,7.1749674671714185
2026-10-05,PAYTM,FAR,2026-12-29,1704.0,1720.0,167.8,179.6,347.4,20.38732394366197
2026-10-05,PAYTM,NEAR,2026-11-23,1698.0,1700.0,74.5,90.0,164.5,9.687868080094228
2026-10-05,PERSISTENT,CURRENT,2026-10-27,5521.0,5500.0,217.0,194.95,411.95,7.461510595906538
2026-10-05,PERSISTENT,FAR,2026-12-29,5502.0,5600.0,295.05,651.0,946.05,17.19465648854962
2026-10-05,PERSISTENT,NEAR,2026-11-23,5517.0,5500.0,300.0,512.1,812.1,14.719956498096792
2026-10-05,PETRONET,CURRENT,2026-10-27,288.75,287.5,9.4,12.65,22.05,7.636363636363637
2026-10-05,PETRONET,FAR,2026-12-29,289.7,290.0,18.3,21.1,39.400000000000006,13.600276147739043
2026-10-05,PETRONET,NEAR,2026-11-23,288.7,287.5,14.3,16.3,30.6,10.599237963283686
2026-10-05,PFC,CURRENT,2026-10-27,323.4,325.0,7.7,9.25,16.95,5.241187384044528
2026-10-05,PFC,FAR,2026-12-29,324.55,320.0,28.75,20.0,48.75,15.020798028038824
2026-10-05,PFC,NEAR,2026-11-23,323.6,325.0,9.45,18.0,27.45,8.482694684796044
2026-10-05,PGEL,CURRENT,2026-10-27,489.55,490.0,16.65,16.7,33.349999999999994,6.812378715146562
2026-10-05,PGEL,FAR,2026-12-29,494.6,500.0,55.95,55.45,111.4,22.523251112009703
2026-10-05,PGEL,NEAR,2026-11-23,493.85,490.0,46.9,25.25,72.15,14.60969930140731
2026-10-05,PHOENIXLTD,CURRENT,2026-10-27,1943.5,1940.0,59.6,55.0,114.6,5.89657833804991
2026-10-05,PHOENIXLTD,FAR,2026-12-29,1950.0,1960.0,138.75,141.05,279.8,14.348717948717947
2026-10-05,PHOENIXLTD,NEAR,2026-11-23,1941.0,1940.0,111.7,105.5,217.2,11.190108191653787
2026-10-05,PIDILITIND,CURRENT,2026-10-27,1488.0,1480.0,34.9,28.45,63.349999999999994,4.257392473118279
2026-10-05,PIDILITIND,FAR,2026-12-29,1487.8,1480.0,78.15,75.45,153.60000000000002,10.323968275305823
2026-10-05,PIDILITIND,NEAR,2026-11-23,1496.5,1500.0,48.3,74.0,122.3,8.172402271967925
2026-10-05,PIIND,CURRENT,2026-10-27,2217.3,2220.0,61.2,62.75,123.95,5.5901321426960715
2026-10-05,PIIND,FAR,2026-12-29,2195.0,2200.0,223.1,102.1,325.2,14.815489749430524
2026-10-05,PIIND,NEAR,2026-11-23,2201.0,2200.0,118.0,66.0,184.0,8.359836437982734
2026-10-05,PNB,CURRENT,2026-10-27,112.48,112.0,3.54,3.03,6.57,5.841038406827881
2026-10-05,PNB,FAR,2026-12-29,113.7,114.0,7.21,7.79,15.0,13.192612137203167
2026-10-05,PNB,NEAR,2026-11-23,113.14,113.0,5.7,5.94,11.64,10.288138589358317
2026-10-05,PNBHOUSING,CURRENT,2026-10-27,1109.3,1100.0,40.35,31.45,71.8,6.472550256918777
2026-10-05,PNBHOUSING,FAR,2026-12-29,1102.1,1120.0,89.1,94.5,183.6,16.65910534434262
2026-10-05,PNBHOUSING,NEAR,2026-11-23,1115.0,1120.0,141.2,62.6,203.79999999999998,18.278026905829595
2026-10-05,POLICYBZR,CURRENT,2026-10-27,985.3,980.0,54.5,49.5,104.0,10.555160864711256
2026-10-05,POLICYBZR,FAR,2026-12-29,989.9,1000.0,83.2,95.05,178.25,18.00686938074553
2026-10-05,POLICYBZR,NEAR,2026-11-23,987.2,980.0,85.3,70.65,155.95,15.797204213938409
2026-10-05,POLYCAB,CURRENT,2026-10-27,8125.5,8100.0,243.5,215.25,458.75,5.645806411913113
2026-10-05,POLYCAB,FAR,2026-12-29,8168.5,8200.0,632.55,609.9,1242.4499999999998,15.210258921466608
2026-10-05,POLYCAB,NEAR,2026-11-23,8151.0,8200.0,290.0,300.0,590.0,7.238375659428291
2026-10-05,POWERGRID,CURRENT,2026-10-27,258.2,257.5,5.55,4.7,10.25,3.9697908597986062
2026-10-05,POWERGRID,FAR,2026-12-29,256.0,255.0,19.35,9.1,28.450000000000003,11.113281250000002
2026-10-05,POWERGRID,NEAR,2026-11-23,256.05,255.0,25.95,1.55,27.5,10.74008982620582
2026-10-05,POWERINDIA,CURRENT,2026-10-27,31570.0,31500.0,1075.8,1001.15,2076.95,6.57887234716503
2026-10-05,POWERINDIA,FAR,2026-12-29,31800.0,32000.0,2978.8,3774.95,6753.75,21.23820754716981
2026-10-05,POWERINDIA,NEAR,2026-11-23,31675.0,31500.0,2368.4,2853.65,5222.05,16.486345698500397
2026-10-05,PREMIERENE,CURRENT,2026-10-27,885.0,880.0,33.8,28.75,62.55,7.067796610169491
2026-10-05,PREMIERENE,FAR,2026-12-29,865.35,880.0,75.45,72.55,148.0,17.10290633847576
2026-10-05,PREMIERENE,NEAR,2026-11-23,883.3,880.0,192.3,56.5,248.8,28.167100645307375
2026-10-05,PRESTIGE,CURRENT,2026-10-27,1456.5,1460.0,48.65,51.65,100.3,6.886371438379676
2026-10-05,PRESTIGE,FAR,2026-12-29,1480.0,1480.0,103.6,144.4,248.0,16.756756756756758
2026-10-05,PRESTIGE,NEAR,2026-11-23,1459.3,1460.0,81.2,63.05,144.25,9.884876310559857
2026-10-05,RADICO,CURRENT,2026-10-27,4312.8,4300.0,152.4,131.95,284.35,6.59316453348173
2026-10-05,RADICO,FAR,2026-12-29,4361.7,4400.0,346.9,318.45,665.3499999999999,15.25437329481624
2026-10-05,RADICO,NEAR,2026-11-23,4329.6,4350.0,285.1,232.45,517.55,11.953760162601625
2026-10-05,RBLBANK,CURRENT,2026-10-27,416.7,415.0,13.25,11.6,24.85,5.9635229181665474
2026-10-05,RBLBANK,FAR,2026-12-29,419.5,420.0,27.25,39.1,66.35,15.816448152562574
2026-10-05,RBLBANK,NEAR,2026-11-23,418.75,420.0,18.65,49.0,67.65,16.155223880597017
2026-10-05,RECLTD,CURRENT,2026-10-27,297.0,295.0,9.25,7.25,16.5,5.555555555555555
2026-10-05,RECLTD,FAR,2026-12-29,293.55,290.0,25.25,18.55,43.8,14.92079713847726
2026-10-05,RECLTD,NEAR,2026-11-23,294.1,295.0,10.2,17.1,27.3,9.282556953417204
2026-10-05,RELIANCE,CURRENT,2026-10-27,1194.0,1190.0,29.9,25.8,55.7,4.66499162479062
2026-10-05,RELIANCE,FAR,2026-12-29,1207.2,1200.0,48.65,60.2,108.85,9.016732935719018
2026-10-05,RELIANCE,NEAR,2026-11-23,1200.0,1200.0,39.25,38.8,78.05,6.504166666666666
2026-10-05,RVNL,CURRENT,2026-10-27,197.05,197.5,6.96,6.77,13.73,6.967774676478052
2026-10-05,RVNL,FAR,2026-12-29,196.98,195.0,20.89,15.13,36.02,18.28612041831658
2026-10-05,RVNL,NEAR,2026-11-23,196.76,197.5,15.13,12.98,28.11,14.2864403334011
2026-10-05,SAGILITY,CURRENT,2026-10-27,42.72,43.0,1.32,1.55,2.87,6.718164794007491
2026-10-05,SAGILITY,FAR,2026-12-29,43.31,44.0,3.15,3.96,7.109999999999999,16.41653197875779
2026-10-05,SAGILITY,NEAR,2026-11-23,43.0,43.0,2.69,2.77,5.46,12.69767441860465
2026-10-05,SAIL,CURRENT,2026-10-27,176.0,175.0,11.82,18.34,30.16,17.136363636363637
2026-10-05,SAIL,FAR,2026-12-29,181.42,180.0,18.13,13.67,31.799999999999997,17.528387167897698
2026-10-05,SAIL,NEAR,2026-11-23,177.17,177.5,15.42,9.52,24.939999999999998,14.076875317491675
2026-10-05,SBICARD,CURRENT,2026-10-27,568.25,570.0,17.7,19.25,36.95,6.502419709634845
2026-10-05,SBICARD,FAR,2026-12-29,572.75,580.0,43.15,33.65,76.8,13.408991706678306
2026-10-05,SBICARD,NEAR,2026-11-23,569.85,570.0,26.8,22.2,49.0,8.59875405808546
2026-10-05,SBILIFE,CURRENT,2026-10-27,1720.7,1720.0,44.95,44.4,89.35,5.192654152379845
2026-10-05,SBILIFE,FAR,2026-12-29,1733.3,1720.0,110.7,70.5,181.2,10.454047193215253
2026-10-05,SBILIFE,NEAR,2026-11-23,1730.8,1740.0,75.3,55.0,130.3,7.528310607811417
2026-10-05,SBIN,CURRENT,2026-10-27,962.85,960.0,21.55,18.6,40.150000000000006,4.1699122397050425
2026-10-05,SBIN,FAR,2026-12-29,974.05,980.0,53.45,54.4,107.85,11.072326882603562
2026-10-05,SBIN,NEAR,2026-11-23,967.45,970.0,32.75,31.1,63.85,6.599824280324565
2026-10-05,SHREECEM,CURRENT,2026-10-27,22065.0,22000.0,602.7,549.8,1152.5,5.223204169499207
2026-10-05,SHREECEM,FAR,2026-12-29,21780.0,22000.0,1311.5,1000.0,2311.5,10.612947658402204
2026-10-05,SHREECEM,NEAR,2026-11-23,21985.0,22000.0,3089.35,1000.0,4089.35,18.60063679781669
2026-10-05,SHRIRAMFIN,CURRENT,2026-10-27,972.5,980.0,26.45,34.45,60.900000000000006,6.262210796915167
2026-10-05,SHRIRAMFIN,FAR,2026-12-29,975.15,960.0,93.15,67.6,160.75,16.484643388196687
2026-10-05,SHRIRAMFIN,NEAR,2026-11-23,973.55,980.0,62.95,62.75,125.7,12.911509424271994
2026-10-05,SIEMENS,CURRENT,2026-10-27,3717.8,3700.0,116.65,97.15,213.8,5.750712787132175
2026-10-05,SIEMENS,FAR,2026-12-29,3719.0,3700.0,311.9,247.7,559.5999999999999,15.047055660123688
2026-10-05,SIEMENS,NEAR,2026-11-23,3712.3,3700.0,571.8,126.35,698.15,18.806400344799716
2026-10-05,SOLARINDS,CURRENT,2026-10-27,19538.0,19500.0,673.65,637.6,1311.25,6.711280581431057
2026-10-05,SOLARINDS,FAR,2026-12-29,19780.0,20000.0,1235.6,2292.6,3528.2,17.83720930232558
2026-10-05,SOLARINDS,NEAR,2026-11-23,19629.0,19750.0,916.45,1841.05,2757.5,14.048092108614805
2026-10-05,SONACOMS,CURRENT,2026-10-27,798.6,800.0,27.25,27.75,55.0,6.887052341597796
2026-10-05,SONACOMS,FAR,2026-12-29,796.0,800.0,76.4,49.0,125.4,15.753768844221106
2026-10-05,SONACOMS,NEAR,2026-11-23,797.65,800.0,72.5,35.0,107.5,13.477088948787063
2026-10-05,SRF,CURRENT,2026-10-27,2458.9,2460.0,80.2,62.85,143.05,5.817642035056327
2026-10-05,SRF,FAR,2026-12-29,2507.0,2520.0,140.6,203.55,344.15,13.72756282409254
2026-10-05,SRF,NEAR,2026-11-23,2467.1,2460.0,122.35,140.4,262.75,10.65015605366625
2026-10-05,SUNPHARMA,CURRENT,2026-10-27,1780.5,1780.0,34.0,33.0,67.0,3.7629879247402416
2026-10-05,SUNPHARMA,FAR,2026-12-29,1796.0,1800.0,138.15,46.75,184.9,10.29510022271715
2026-10-05,SUNPHARMA,NEAR,2026-11-23,1788.7,1780.0,128.05,27.25,155.3,8.68228322245206
2026-10-05,SUPREMEIND,CURRENT,2026-10-27,3396.8,3400.0,100.2,101.0,201.2,5.923221855864342
2026-10-05,SUPREMEIND,FAR,2026-12-29,3457.2,3500.0,249.45,252.4,501.85,14.516082378803658
2026-10-05,SUPREMEIND,NEAR,2026-11-23,3403.0,3400.0,384.4,140.9,525.3,15.436379665001468
2026-10-05,SUZLON,CURRENT,2026-10-27,39.17,39.0,1.57,1.36,2.93,7.480214449834056
2026-10-05,SUZLON,FAR,2026-12-29,39.63,40.0,3.46,3.38,6.84,17.259651778955334
2026-10-05,SUZLON,NEAR,2026-11-23,39.45,39.0,2.44,2.0,4.4399999999999995,11.254752851711025
2026-10-05,SWIGGY,CURRENT,2026-10-27,239.7,240.0,8.9,9.1,18.0,7.509386733416772
2026-10-05,SWIGGY,FAR,2026-12-29,242.15,240.0,31.95,14.7,46.65,19.2649184389841
2026-10-05,SWIGGY,NEAR,2026-11-23,241.0,240.0,15.0,12.55,27.55,11.431535269709544
2026-10-05,TATACONSUM,CURRENT,2026-10-27,955.75,960.0,19.35,23.9,43.25,4.525241956578603
2026-10-05,TATACONSUM,FAR,2026-12-29,965.0,960.0,64.55,42.8,107.35,11.124352331606218
2026-10-05,TATACONSUM,NEAR,2026-11-23,961.35,960.0,131.65,16.85,148.5,15.447027617413012
2026-10-05,TATAELXSI,CURRENT,2026-10-27,3110.7,3100.0,119.05,107.9,226.95,7.295785514514417
2026-10-05,TATAELXSI,FAR,2026-12-29,3105.0,3100.0,318.6,161.5,480.1,15.462157809983898
2026-10-05,TATAELXSI,NEAR,2026-11-23,3105.9,3100.0,668.25,150.0,818.25,26.34502076692746
2026-10-05,TATAPOWER,CURRENT,2026-10-27,352.2,350.0,8.45,6.15,14.6,4.145371947756956
2026-10-05,TATAPOWER,FAR,2026-12-29,355.55,360.0,22.25,17.95,40.2,11.306426662916609
2026-10-05,TATAPOWER,NEAR,2026-11-23,354.2,355.0,19.35,12.2,31.55,8.907396950875214
2026-10-05,TATASTEEL,CURRENT,2026-10-27,178.37,177.5,5.62,4.79,10.41,5.836183214666144
2026-10-05,TATASTEEL,FAR,2026-12-29,180.41,180.0,10.74,6.93,17.67,9.794357297267336
2026-10-05,TATASTEEL,NEAR,2026-11-23,179.32,180.0,7.6,7.62,15.219999999999999,8.48761989739014
2026-10-05,TCS,CURRENT,2026-10-27,2106.8,2100.0,71.0,65.05,136.05,6.457660907537497
2026-10-05,TCS,FAR,2026-12-29,2126.1,2120.0,109.7,166.25,275.95,12.9791637270119
2026-10-05,TCS,NEAR,2026-11-23,2115.6,2120.0,91.2,91.2,182.4,8.621667612024957
2026-10-05,TECHM,CURRENT,2026-10-27,1521.7,1520.0,48.5,47.0,95.5,6.275875665374252
2026-10-05,TECHM,FAR,2026-12-29,1521.1,1520.0,104.7,91.95,196.65,12.928144106238907
2026-10-05,TECHM,NEAR,2026-11-23,1523.4,1520.0,161.35,55.0,216.35,14.20178547984771
2026-10-05,TIINDIA,CURRENT,2026-10-27,2331.4,2350.0,66.65,80.4,147.05,6.3073689628549365
2026-10-05,TIINDIA,FAR,2026-12-29,2360.0,2400.0,220.45,172.3,392.75,16.641949152542374
2026-10-05,TIINDIA,NEAR,2026-11-23,2342.1,2350.0,196.55,112.65,309.20000000000005,13.201827419836901
2026-10-05,TITAN,CURRENT,2026-10-27,4589.5,4600.0,104.6,112.0,216.6,4.719468351672295
2026-10-05,TITAN,FAR,2026-12-29,4640.6,4600.0,331.7,189.3,521.0,11.226996509072102
2026-10-05,TITAN,NEAR,2026-11-23,4616.0,4600.0,167.95,142.55,310.5,6.726603119584055
2026-10-05,TMPV,CURRENT,2026-10-27,289.0,290.0,8.25,9.25,17.5,6.055363321799308
2026-10-05,TMPV,FAR,2026-12-29,291.7,290.0,18.65,23.45,42.099999999999994,14.432636270140552
2026-10-05,TMPV,NEAR,2026-11-23,290.3,290.0,13.85,12.9,26.75,9.214605580434034
2026-10-05,TORNTPHARM,CURRENT,2026-10-27,4780.8,4800.0,95.3,114.05,209.35,4.37897423025435
2026-10-05,TORNTPHARM,FAR,2026-12-29,4910.0,4900.0,296.75,230.95,527.7,10.74745417515275
2026-10-05,TORNTPHARM,NEAR,2026-11-23,4806.2,4800.0,374.2,170.0,544.2,11.322874620282137
2026-10-05,TRENT,CURRENT,2026-10-27,2591.6,2600.0,91.4,98.6,190.0,7.331378299120235
2026-10-05,TRENT,FAR,2026-12-29,2616.4,2600.0,152.0,180.7,332.7,12.715945574071242
2026-10-05,TRENT,NEAR,2026-11-23,2603.2,2600.0,135.0,128.55,263.55,10.124078057775048
2026-10-05,TVSMOTOR,CURRENT,2026-10-27,4033.8,4050.0,105.25,123.1,228.35,5.66091526600228
2026-10-05,TVSMOTOR,FAR,2026-12-29,4068.3,4100.0,292.9,241.75,534.65,13.141852862374947
2026-10-05,TVSMOTOR,NEAR,2026-11-23,4056.3,4050.0,247.5,170.4,417.9,10.302492419199764
2026-10-05,UJJIVANSFB,CURRENT,2026-10-27,67.08,67.0,2.4,2.36,4.76,7.0960047704233755
2026-10-05,UJJIVANSFB,FAR,2026-12-29,67.64,68.0,5.18,6.93,12.11,17.90360733293909
2026-10-05,UJJIVANSFB,NEAR,2026-11-23,67.4,67.0,4.11,5.25,9.36,13.887240356083083
2026-10-05,ULTRACEMCO,CURRENT,2026-10-27,10909.0,10900.0,251.5,241.45,492.95,4.518745989549912
2026-10-05,ULTRACEMCO,FAR,2026-12-29,11048.0,11000.0,587.7,597.5,1185.2,10.727733526430123
2026-10-05,ULTRACEMCO,NEAR,2026-11-23,10970.0,11000.0,1030.9,327.5,1358.4,12.382862351868734
2026-10-05,UNIONBANK,CURRENT,2026-10-27,168.25,167.5,5.75,4.97,10.719999999999999,6.371471025260029
2026-10-05,UNIONBANK,FAR,2026-12-29,170.0,170.0,12.71,14.22,26.93,15.841176470588236
2026-10-05,UNIONBANK,NEAR,2026-11-23,169.0,170.0,7.0,7.25,14.25,8.431952662721894
2026-10-05,UNITDSPR,CURRENT,2026-10-27,1376.6,1380.0,34.1,38.15,72.25,5.2484381810257155
2026-10-05,UNITDSPR,FAR,2026-12-29,1389.6,1400.0,71.4,87.85,159.25,11.46013241220495
2026-10-05,UNITDSPR,NEAR,2026-11-23,1383.0,1380.0,59.1,63.85,122.95,8.89009399855387
2026-10-05,UNOMINDA,CURRENT,2026-10-27,1097.4,1100.0,31.6,33.35,64.95,5.918534718425369
2026-10-05,UNOMINDA,FAR,2026-12-29,1107.0,1120.0,123.15,64.75,187.9,16.973803071364046
2026-10-05,UNOMINDA,NEAR,2026-11-23,1099.7,1100.0,112.0,40.25,152.25,13.844684914067473
2026-10-05,UPL,CURRENT,2026-10-27,502.55,505.0,13.2,15.6,28.799999999999997,5.730773057407222
2026-10-05,UPL,FAR,2026-12-29,506.9,510.0,59.85,24.35,84.2,16.610771355296905
2026-10-05,UPL,NEAR,2026-11-23,505.5,505.0,53.05,15.55,68.6,13.570722057368942
2026-10-05,VBL,CURRENT,2026-10-27,440.2,440.0,12.7,12.6,25.299999999999997,5.74738755111313
2026-10-05,VBL,FAR,2026-12-29,443.55,440.0,29.55,33.1,62.650000000000006,14.124675910269419
2026-10-05,VBL,NEAR,2026-11-23,441.95,440.0,12.75,29.95,42.7,9.661726439642495
2026-10-05,VEDL,CURRENT,2026-10-27,254.9,255.0,8.2,8.4,16.6,6.512357787367595
2026-10-05,VEDL,FAR,2026-12-29,257.3,260.0,24.0,20.2,44.2,17.17839098328799
2026-10-05,VEDL,NEAR,2026-11-23,256.0,255.0,20.95,13.65,34.6,13.515625
2026-10-05,VMM,CURRENT,2026-10-27,98.49,98.0,8.34,1.6,9.94,10.092395167022032
2026-10-05,VMM,FAR,2026-12-29,99.26,100.0,10.68,4.92,15.6,15.716300624622203
2026-10-05,VMM,NEAR,2026-11-23,98.65,99.0,9.39,3.21,12.600000000000001,12.772427774961987
2026-10-05,VOLTAS,CURRENT,2026-10-27,1059.8,1060.0,32.9,32.8,65.69999999999999,6.199282883562936
2026-10-05,VOLTAS,FAR,2026-12-29,1068.0,1080.0,95.75,69.95,165.7,15.514981273408237
2026-10-05,VOLTAS,NEAR,2026-11-23,1065.8,1060.0,85.2,45.8,131.0,12.29123662976168
2026-10-05,WAAREEENER,FAR,2026-12-29,2353.7,2360.0,240.6,186.0,426.6,18.12465479882738
2026-10-05,WAAREEENER,NEAR,2026-11-23,2347.8,2340.0,197.05,136.25,333.3,14.196268847431636
2026-10-05,WIPRO,CURRENT,2026-10-27,163.18,162.5,5.51,4.85,10.36,6.3488172570167904
2026-10-05,WIPRO,FAR,2026-12-29,162.48,160.0,9.21,10.07,19.28,11.86607582471689
2026-10-05,WIPRO,NEAR,2026-11-23,162.66,162.5,5.63,9.9,15.530000000000001,9.54752243944424
2026-10-05,YESBANK,CURRENT,2026-10-27,21.08,21.0,0.7,0.62,1.3199999999999998,6.261859582542694
2026-10-05,YESBANK,FAR,2026-12-29,21.34,22.0,1.13,2.09,3.2199999999999998,15.089034676663541
2026-10-05,YESBANK,NEAR,2026-11-23,21.21,21.0,1.14,0.5,1.64,7.732201791607732
2026-10-05,ZYDUSLIFE,CURRENT,2026-10-27,1143.2,1140.0,33.2,29.7,62.900000000000006,5.502099370188943
2026-10-05,ZYDUSLIFE,FAR,2026-12-29,1146.5,1140.0,113.65,36.45,150.10000000000002,13.092019188835588
2026-10-05,ZYDUSLIFE,NEAR,2026-11-23,1149.6,1150.0,45.0,28.5,73.5,6.393528183716075
